http://horothesia.blogspot.com/2018/02/preserving-accented-and-non-roman.html,http://horothesia.blogspot.com/posts/2018/02/preserving-accented-and-non-roman.html
http://horothesia.blogspot.com/2017/10/using-openrefine-with-pleiades.html,http://horothesia.blogspot.com/posts/2017/10/using-openrefine-with-pleiades.html
"tag:blogger.com,1999:blog-7099013253406999323.post-5020671108752885283","http://horothesia.blogspot.com/posts/blogger.com,1999:blog-7099013253406999323.post-5020671108752885283.html"
http://horothesia.blogspot.com/2017/01/scheduled-votes-on-bills-in-congress.html,http://horothesia.blogspot.com/posts/2017/01/scheduled-votes-on-bills-in-congress.html
http://horothesia.blogspot.com/2017/01/on-hidden-figures.html,http://horothesia.blogspot.com/posts/2017/01/on-hidden-figures.html
http://horothesia.blogspot.com/2017/01/paying-for-wall.html,http://horothesia.blogspot.com/posts/2017/01/paying-for-wall.html
"tag:blogger.com,1999:blog-7099013253406999323.post-3215595074054987915","http://horothesia.blogspot.com/posts/blogger.com,1999:blog-7099013253406999323.post-3215595074054987915.html"
http://horothesia.blogspot.com/2016/04/stable-orbits-or-clear-air-turbulence.html,http://horothesia.blogspot.com/posts/2016/04/stable-orbits-or-clear-air-turbulence.html
http://horothesia.blogspot.com/2016/01/new-in-maia-revista-hypnos.html,http://horothesia.blogspot.com/posts/2016/01/new-in-maia-revista-hypnos.html
http://horothesia.blogspot.com/2016/01/new-in-maia-katherine-mcdonald.html,http://horothesia.blogspot.com/posts/2016/01/new-in-maia-katherine-mcdonald.html
http://horothesia.blogspot.com/2015/09/new-in-epidig.html,http://horothesia.blogspot.com/posts/2015/09/new-in-epidig.html
http://horothesia.blogspot.com/2015/09/new-in-maia-pompeian-connections.html,http://horothesia.blogspot.com/posts/2015/09/new-in-maia-pompeian-connections.html
http://horothesia.blogspot.com/2015/09/lightning-talk-on-pleiades-at-neh.html,http://horothesia.blogspot.com/posts/2015/09/lightning-talk-on-pleiades-at-neh.html
http://horothesia.blogspot.com/2015/09/new-on-planet-atlantides-bam.html,http://horothesia.blogspot.com/posts/2015/09/new-on-planet-atlantides-bam.html
"tag:blogger.com,1999:blog-7099013253406999323.post-1946391317911839102","http://horothesia.blogspot.com/posts/blogger.com,1999:blog-7099013253406999323.post-1946391317911839102.html"
http://horothesia.blogspot.com/2015/05/new-in-maia-camwsgrads.html,http://horothesia.blogspot.com/posts/2015/05/new-in-maia-camwsgrads.html
http://horothesia.blogspot.com/2015/05/nosetools.html,http://horothesia.blogspot.com/posts/2015/05/nosetools.html
http://horothesia.blogspot.com/2015/05/new-in-maia-kristina-killgrove.html,http://horothesia.blogspot.com/posts/2015/05/new-in-maia-kristina-killgrove.html
http://horothesia.blogspot.com/2015/05/pdftotext.html,http://horothesia.blogspot.com/posts/2015/05/pdftotext.html
http://horothesia.blogspot.com/2015/05/new-in-maia-asor-syrian-heritage.html,http://horothesia.blogspot.com/posts/2015/05/new-in-maia-asor-syrian-heritage.html
http://horothesia.blogspot.com/2015/03/new-in-maia-and-electra-digging-in.html,http://horothesia.blogspot.com/posts/2015/03/new-in-maia-and-electra-digging-in.html
http://horothesia.blogspot.com/2015/02/new-in-maia-atlantis-taxidea-taxus-by.html,http://horothesia.blogspot.com/posts/2015/02/new-in-maia-atlantis-taxidea-taxus-by.html
http://horothesia.blogspot.com/2015/02/removed-from-maia-atlantis-res-gerendae.html,http://horothesia.blogspot.com/posts/2015/02/removed-from-maia-atlantis-res-gerendae.html
http://horothesia.blogspot.com/2014/11/updated-in-planet-atlantides-from-stone.html,http://horothesia.blogspot.com/posts/2014/11/updated-in-planet-atlantides-from-stone.html
http://horothesia.blogspot.com/2014/11/new-in-epidig-from-stone-to-screen.html,http://horothesia.blogspot.com/posts/2014/11/new-in-epidig-from-stone-to-screen.html
http://horothesia.blogspot.com/2014/10/new-in-epidig.html,http://horothesia.blogspot.com/posts/2014/10/new-in-epidig.html
http://horothesia.blogspot.com/2014/10/new-in-planet-atlantides-stone-to-screen.html,http://horothesia.blogspot.com/posts/2014/10/new-in-planet-atlantides-stone-to-screen.html
http://horothesia.blogspot.com/2014/10/eighteen-years-of-epidoc-now-what.html,http://horothesia.blogspot.com/posts/2014/10/eighteen-years-of-epidoc-now-what.html
http://horothesia.blogspot.com/2014/09/new-in-electra-and-maia-isicily.html,http://horothesia.blogspot.com/posts/2014/09/new-in-electra-and-maia-isicily.html
http://horothesia.blogspot.com/2014/07/new-in-electra-ride.html,http://horothesia.blogspot.com/posts/2014/07/new-in-electra-ride.html
http://horothesia.blogspot.com/2014/07/new-in-electa-epidoc-workshop.html,http://horothesia.blogspot.com/posts/2014/07/new-in-electa-epidoc-workshop.html
http://horothesia.blogspot.com/2014/07/hacking-on-apache-log-files-with-python.html,http://horothesia.blogspot.com/posts/2014/07/hacking-on-apache-log-files-with-python.html
"tag:blogger.com,1999:blog-7099013253406999323.post-6944519575787773131","http://horothesia.blogspot.com/posts/blogger.com,1999:blog-7099013253406999323.post-6944519575787773131.html"
http://horothesia.blogspot.com/2014/06/new-in-maia-turkish-archaeological-news.html,http://horothesia.blogspot.com/posts/2014/06/new-in-maia-turkish-archaeological-news.html
http://horothesia.blogspot.com/2014/06/new-in-maia-mar-siprim-and-laboratoire.html,http://horothesia.blogspot.com/posts/2014/06/new-in-maia-mar-siprim-and-laboratoire.html
http://horothesia.blogspot.com/2014/05/new-in-planet-maia-building-tabernae.html,http://horothesia.blogspot.com/posts/2014/05/new-in-planet-maia-building-tabernae.html
http://horothesia.blogspot.com/2014/05/additions-and-corrections-in-planet.html,http://horothesia.blogspot.com/posts/2014/05/additions-and-corrections-in-planet.html
http://horothesia.blogspot.com/2014/04/new-in-maia-oral-poetry.html,http://horothesia.blogspot.com/posts/2014/04/new-in-maia-oral-poetry.html
http://horothesia.blogspot.com/2014/04/planet-atlantides-updates-antiquitas.html,http://horothesia.blogspot.com/posts/2014/04/planet-atlantides-updates-antiquitas.html
http://horothesia.blogspot.com/2014/04/mining-awol-more-carefully-for-issns.html,http://horothesia.blogspot.com/posts/2014/04/mining-awol-more-carefully-for-issns.html
http://horothesia.blogspot.com/2014/04/new-in-electra.html,http://horothesia.blogspot.com/posts/2014/04/new-in-electra.html
http://horothesia.blogspot.com/2014/04/mining-awol-for-identifiers.html,http://horothesia.blogspot.com/posts/2014/04/mining-awol-for-identifiers.html
http://horothesia.blogspot.com/2014/04/batch-xml-validation-at-command-line.html,http://horothesia.blogspot.com/posts/2014/04/batch-xml-validation-at-command-line.html
http://horothesia.blogspot.com/2014/03/new-in-maia-and-electra-maxim-romanov.html,http://horothesia.blogspot.com/posts/2014/03/new-in-maia-and-electra-maxim-romanov.html
"tag:blogger.com,1999:blog-7099013253406999323.post-2416348647764611282","http://horothesia.blogspot.com/posts/blogger.com,1999:blog-7099013253406999323.post-2416348647764611282.html"
http://horothesia.blogspot.com/2014/02/planet-atlantides-grows-up-and-gets-its.html,http://horothesia.blogspot.com/posts/2014/02/planet-atlantides-grows-up-and-gets-its.html
http://horothesia.blogspot.com/2014/02/new-in-planet-atlantides.html,http://horothesia.blogspot.com/posts/2014/02/new-in-planet-atlantides.html
http://horothesia.blogspot.com/2014/02/new-in-epidig-digital-archive-for-study.html,http://horothesia.blogspot.com/posts/2014/02/new-in-epidig-digital-archive-for-study.html
http://horothesia.blogspot.com/2014/02/new-in-epidig-sabellian-spreadsheets.html,http://horothesia.blogspot.com/posts/2014/02/new-in-epidig-sabellian-spreadsheets.html
http://horothesia.blogspot.com/2014/01/pruned-from-maia-dead-and-damaged-feeds.html,http://horothesia.blogspot.com/posts/2014/01/pruned-from-maia-dead-and-damaged-feeds.html
http://horothesia.blogspot.com/2014/01/new-in-maia-ancient-studies-articles.html,http://horothesia.blogspot.com/posts/2014/01/new-in-maia-ancient-studies-articles.html
http://horothesia.blogspot.com/2014/01/new-in-maia-archaeological-news-tumblr.html,http://horothesia.blogspot.com/posts/2014/01/new-in-maia-archaeological-news-tumblr.html
http://horothesia.blogspot.com/2014/01/new-in-maia-greek-in-italy-and.html,http://horothesia.blogspot.com/posts/2014/01/new-in-maia-greek-in-italy-and.html
"tag:blogger.com,1999:blog-7099013253406999323.post-2137773743042186057","http://horothesia.blogspot.com/posts/blogger.com,1999:blog-7099013253406999323.post-2137773743042186057.html"
"tag:blogger.com,1999:blog-7099013253406999323.post-2711340029351927395","http://horothesia.blogspot.com/posts/blogger.com,1999:blog-7099013253406999323.post-2711340029351927395.html"
http://horothesia.blogspot.com/2013/11/new-in-maia-maieul-rouquette-and-fclsc.html,http://horothesia.blogspot.com/posts/2013/11/new-in-maia-maieul-rouquette-and-fclsc.html
http://horothesia.blogspot.com/2013/09/new-in-epidig-eagle-europeana-portal.html,http://horothesia.blogspot.com/posts/2013/09/new-in-epidig-eagle-europeana-portal.html
http://horothesia.blogspot.com/2013/09/new-in-electra-and-maia-eagle-news.html,http://horothesia.blogspot.com/posts/2013/09/new-in-electra-and-maia-eagle-news.html
"tag:blogger.com,1999:blog-7099013253406999323.post-2502873595630819948","http://horothesia.blogspot.com/posts/blogger.com,1999:blog-7099013253406999323.post-2502873595630819948.html"
http://horothesia.blogspot.com/2013/08/job-senior-digital-humanities-web.html,http://horothesia.blogspot.com/posts/2013/08/job-senior-digital-humanities-web.html
http://horothesia.blogspot.com/2013/08/miko-flohr-added-to-maia-and-electra.html,http://horothesia.blogspot.com/posts/2013/08/miko-flohr-added-to-maia-and-electra.html
http://horothesia.blogspot.com/2013/08/get-list-of-machine-tags-from-flickr-api.html,http://horothesia.blogspot.com/posts/2013/08/get-list-of-machine-tags-from-flickr-api.html
http://horothesia.blogspot.com/2013/08/new-in-electra-atlantis.html,http://horothesia.blogspot.com/posts/2013/08/new-in-electra-atlantis.html
http://horothesia.blogspot.com/2013/08/new-in-maia-and-electra.html,http://horothesia.blogspot.com/posts/2013/08/new-in-maia-and-electra.html
http://horothesia.blogspot.com/2013/07/new-in-maia-and-electra.html,http://horothesia.blogspot.com/posts/2013/07/new-in-maia-and-electra.html
http://horothesia.blogspot.com/2013/07/new-in-maia_17.html,http://horothesia.blogspot.com/posts/2013/07/new-in-maia_17.html
http://horothesia.blogspot.com/2013/07/more-new-in-maia.html,http://horothesia.blogspot.com/posts/2013/07/more-new-in-maia.html
http://horothesia.blogspot.com/2013/07/new-in-maia.html,http://horothesia.blogspot.com/posts/2013/07/new-in-maia.html
http://horothesia.blogspot.com/2013/06/more-new-content-in-planet-atlantides.html,http://horothesia.blogspot.com/posts/2013/06/more-new-content-in-planet-atlantides.html
http://horothesia.blogspot.com/2013/06/new-in-planet-atlantides_21.html,http://horothesia.blogspot.com/posts/2013/06/new-in-planet-atlantides_21.html
http://horothesia.blogspot.com/2013/06/it-is-happening.html,http://horothesia.blogspot.com/posts/2013/06/it-is-happening.html
http://horothesia.blogspot.com/2013/06/new-in-planet-atlantides.html,http://horothesia.blogspot.com/posts/2013/06/new-in-planet-atlantides.html
http://horothesia.blogspot.com/2013/06/new-feature-on-about-roman-emperors.html,http://horothesia.blogspot.com/posts/2013/06/new-feature-on-about-roman-emperors.html
http://horothesia.blogspot.com/2013/06/planet-atlantides-changes.html,http://horothesia.blogspot.com/posts/2013/06/planet-atlantides-changes.html
http://horothesia.blogspot.com/2013/06/ttl-added-to-dumps-of-about-roman.html,http://horothesia.blogspot.com/posts/2013/06/ttl-added-to-dumps-of-about-roman.html
http://horothesia.blogspot.com/2013/06/updates-to-about-roman-emperors-linked.html,http://horothesia.blogspot.com/posts/2013/06/updates-to-about-roman-emperors-linked.html
http://horothesia.blogspot.com/2013/05/new-on-planet-atlantides.html,http://horothesia.blogspot.com/posts/2013/05/new-on-planet-atlantides.html
http://horothesia.blogspot.com/2013/04/citing-sources-in-digital-annotations.html,http://horothesia.blogspot.com/posts/2013/04/citing-sources-in-digital-annotations.html
http://horothesia.blogspot.com/2013/04/new-in-maia_15.html,http://horothesia.blogspot.com/posts/2013/04/new-in-maia_15.html
http://horothesia.blogspot.com/2013/04/new-in-maia_7.html,http://horothesia.blogspot.com/posts/2013/04/new-in-maia_7.html
http://horothesia.blogspot.com/2013/04/no-irc-for-dca-conference.html,http://horothesia.blogspot.com/posts/2013/04/no-irc-for-dca-conference.html
http://horothesia.blogspot.com/2013/04/digital-classics-association-conference.html,http://horothesia.blogspot.com/posts/2013/04/digital-classics-association-conference.html
http://horothesia.blogspot.com/2013/04/another-addition-to-maia.html,http://horothesia.blogspot.com/posts/2013/04/another-addition-to-maia.html
http://horothesia.blogspot.com/2013/04/new-and-updated-in-maia.html,http://horothesia.blogspot.com/posts/2013/04/new-and-updated-in-maia.html
http://horothesia.blogspot.com/2013/04/new-in-maia.html,http://horothesia.blogspot.com/posts/2013/04/new-in-maia.html
http://horothesia.blogspot.com/2013/03/removed-from-maia.html,http://horothesia.blogspot.com/posts/2013/03/removed-from-maia.html
http://horothesia.blogspot.com/2013/03/new-in-maia.html,http://horothesia.blogspot.com/posts/2013/03/new-in-maia.html
http://horothesia.blogspot.com/2013/03/new-in-potamos-new-testament-virtual.html,http://horothesia.blogspot.com/posts/2013/03/new-in-potamos-new-testament-virtual.html
http://horothesia.blogspot.com/2013/03/new-in-potamos-tdar.html,http://horothesia.blogspot.com/posts/2013/03/new-in-potamos-tdar.html
http://horothesia.blogspot.com/2013/03/new-in-potamos.html,http://horothesia.blogspot.com/posts/2013/03/new-in-potamos.html
http://horothesia.blogspot.com/2013/03/new-feed-aggregator-for-ancient-data.html,http://horothesia.blogspot.com/posts/2013/03/new-feed-aggregator-for-ancient-data.html
http://horothesia.blogspot.com/2013/03/updated-in-epidig-epigraphic-database.html,http://horothesia.blogspot.com/posts/2013/03/updated-in-epidig-epigraphic-database.html
http://horothesia.blogspot.com/2013/02/several-blogs-added-to-maia.html,http://horothesia.blogspot.com/posts/2013/02/several-blogs-added-to-maia.html
http://horothesia.blogspot.com/2013/02/new-in-maia-portus-project.html,http://horothesia.blogspot.com/posts/2013/02/new-in-maia-portus-project.html
"tag:blogger.com,1999:blog-7099013253406999323.post-436904152783101696","http://horothesia.blogspot.com/posts/blogger.com,1999:blog-7099013253406999323.post-436904152783101696.html"
http://horothesia.blogspot.com/2013/02/new-in-maia-antiquity-now.html,http://horothesia.blogspot.com/posts/2013/02/new-in-maia-antiquity-now.html
http://horothesia.blogspot.com/2013/01/new-in-maia-atlantis.html,http://horothesia.blogspot.com/posts/2013/01/new-in-maia-atlantis.html
http://horothesia.blogspot.com/2012/12/pleiades-hackday-improving-descriptions.html,http://horothesia.blogspot.com/posts/2012/12/pleiades-hackday-improving-descriptions.html
http://horothesia.blogspot.com/2012/12/latest-at-maia-and-electra.html,http://horothesia.blogspot.com/posts/2012/12/latest-at-maia-and-electra.html
http://horothesia.blogspot.com/2012/11/new-in-maia-and-electra-perseus-updates.html,http://horothesia.blogspot.com/posts/2012/11/new-in-maia-and-electra-perseus-updates.html
http://horothesia.blogspot.com/2012/10/new-in-maia-history-of-ancient-world.html,http://horothesia.blogspot.com/posts/2012/10/new-in-maia-history-of-ancient-world.html
http://horothesia.blogspot.com/2012/10/new-in-electra-demystifying-dh.html,http://horothesia.blogspot.com/posts/2012/10/new-in-electra-demystifying-dh.html
http://horothesia.blogspot.com/2012/10/new-blogs-added-to-planet-atlantides.html,http://horothesia.blogspot.com/posts/2012/10/new-blogs-added-to-planet-atlantides.html
http://horothesia.blogspot.com/2012/10/pleiades-machine-tags-for-blog-posts-yes.html,http://horothesia.blogspot.com/posts/2012/10/pleiades-machine-tags-for-blog-posts-yes.html
http://horothesia.blogspot.com/2012/08/text-of-my-talk-at-ciegl-2012.html,http://horothesia.blogspot.com/posts/2012/08/text-of-my-talk-at-ciegl-2012.html
http://horothesia.blogspot.com/2012/08/my-talk-at-ciegl-2012-efficient-digital.html,http://horothesia.blogspot.com/posts/2012/08/my-talk-at-ciegl-2012-efficient-digital.html
http://horothesia.blogspot.com/2012/08/new-in-maia-latin-for-addicts.html,http://horothesia.blogspot.com/posts/2012/08/new-in-maia-latin-for-addicts.html
http://horothesia.blogspot.com/2012/08/new-in-maia-hmmlorientalia.html,http://horothesia.blogspot.com/posts/2012/08/new-in-maia-hmmlorientalia.html
http://horothesia.blogspot.com/2012/08/new-in-maia-projekt-dyabola-blog.html,http://horothesia.blogspot.com/posts/2012/08/new-in-maia-projekt-dyabola-blog.html
http://horothesia.blogspot.com/2012/08/new-blogs-added-to-electra-and-maia.html,http://horothesia.blogspot.com/posts/2012/08/new-blogs-added-to-electra-and-maia.html
http://horothesia.blogspot.com/2012/08/new-unicode-blogs-in-electra.html,http://horothesia.blogspot.com/posts/2012/08/new-unicode-blogs-in-electra.html
http://horothesia.blogspot.com/2012/08/new-in-maia-and-electra-digital.html,http://horothesia.blogspot.com/posts/2012/08/new-in-maia-and-electra-digital.html
http://horothesia.blogspot.com/2012/08/new-in-maia-classical-archaeology-news.html,http://horothesia.blogspot.com/posts/2012/08/new-in-maia-classical-archaeology-news.html
http://horothesia.blogspot.com/2012/07/new-in-electra-t-pen.html,http://horothesia.blogspot.com/posts/2012/07/new-in-electra-t-pen.html
http://horothesia.blogspot.com/2012/07/new-blogs-added-to-maia-atlantis.html,http://horothesia.blogspot.com/posts/2012/07/new-blogs-added-to-maia-atlantis.html
http://horothesia.blogspot.com/2012/07/added-al-mcmichaels-blog-to-maia.html,http://horothesia.blogspot.com/posts/2012/07/added-al-mcmichaels-blog-to-maia.html
http://horothesia.blogspot.com/2012/07/added-elijah-meeks-blog-to-electra.html,http://horothesia.blogspot.com/posts/2012/07/added-elijah-meeks-blog-to-electra.html
http://horothesia.blogspot.com/2012/07/changes-to-maia-and-electra-atlantis.html,http://horothesia.blogspot.com/posts/2012/07/changes-to-maia-and-electra-atlantis.html
http://horothesia.blogspot.com/2012/06/about-roman-emperors-open-dataset.html,http://horothesia.blogspot.com/posts/2012/06/about-roman-emperors-open-dataset.html
http://horothesia.blogspot.com/2012/06/about-roman-emperors-linked-dataset.html,http://horothesia.blogspot.com/posts/2012/06/about-roman-emperors-linked-dataset.html
http://horothesia.blogspot.com/2012/06/roman-emperors-in-linked-data.html,http://horothesia.blogspot.com/posts/2012/06/roman-emperors-in-linked-data.html
http://horothesia.blogspot.com/2012/06/people-from-my-dissertation-in-rdf.html,http://horothesia.blogspot.com/posts/2012/06/people-from-my-dissertation-in-rdf.html
http://horothesia.blogspot.com/2012/06/how-to-get-born-for-print-bibliography.html,http://horothesia.blogspot.com/posts/2012/06/how-to-get-born-for-print-bibliography.html
http://horothesia.blogspot.com/2012/06/ancient-studies-needs-open.html,http://horothesia.blogspot.com/posts/2012/06/ancient-studies-needs-open.html
http://horothesia.blogspot.com/2012/05/added-mapping-center-notes-to-maia.html,http://horothesia.blogspot.com/posts/2012/05/added-mapping-center-notes-to-maia.html
http://horothesia.blogspot.com/2012/05/first-pass-at-extracting-useful-data.html,http://horothesia.blogspot.com/posts/2012/05/first-pass-at-extracting-useful-data.html
http://horothesia.blogspot.com/2012/05/five-minutes-to-ancient-world-linked.html,http://horothesia.blogspot.com/posts/2012/05/five-minutes-to-ancient-world-linked.html
http://horothesia.blogspot.com/2012/05/open-access-epigraphic-evidence-for.html,http://horothesia.blogspot.com/posts/2012/05/open-access-epigraphic-evidence-for.html
http://horothesia.blogspot.com/2012/02/give-me-zotero-item-keys.html,http://horothesia.blogspot.com/posts/2012/02/give-me-zotero-item-keys.html
http://horothesia.blogspot.com/2012/02/playing-with-pelagios-open-context-and.html,http://horothesia.blogspot.com/posts/2012/02/playing-with-pelagios-open-context-and.html
http://horothesia.blogspot.com/2012/02/playing-with-pelagios-gawd-is-live.html,http://horothesia.blogspot.com/posts/2012/02/playing-with-pelagios-gawd-is-live.html
http://horothesia.blogspot.com/2012/02/playing-with-pelagios-dealing-with.html,http://horothesia.blogspot.com/posts/2012/02/playing-with-pelagios-dealing-with.html
http://horothesia.blogspot.com/2012/02/playing-with-pelagios-arachne-was-easy.html,http://horothesia.blogspot.com/posts/2012/02/playing-with-pelagios-arachne-was-easy.html
http://horothesia.blogspot.com/2012/02/playing-with-pelagios-nomisma.html,http://horothesia.blogspot.com/posts/2012/02/playing-with-pelagios-nomisma.html
"tag:blogger.com,1999:blog-7099013253406999323.post-6813309193449628476","http://horothesia.blogspot.com/posts/blogger.com,1999:blog-7099013253406999323.post-6813309193449628476.html"
http://horothesia.blogspot.com/2012/01/new-on-electra-tapas-news.html,http://horothesia.blogspot.com/posts/2012/01/new-on-electra-tapas-news.html
http://horothesia.blogspot.com/2012/01/new-on-maia-aia-fieldnotes.html,http://horothesia.blogspot.com/posts/2012/01/new-on-maia-aia-fieldnotes.html
http://horothesia.blogspot.com/2012/01/horothesia-to-go-dark-18-january-2012.html,http://horothesia.blogspot.com/posts/2012/01/horothesia-to-go-dark-18-january-2012.html
http://horothesia.blogspot.com/2012/01/additions-to-electra-and-maia.html,http://horothesia.blogspot.com/posts/2012/01/additions-to-electra-and-maia.html
http://horothesia.blogspot.com/2012/01/changes-to-electra-and-maia-atlantis.html,http://horothesia.blogspot.com/posts/2012/01/changes-to-electra-and-maia-atlantis.html
http://horothesia.blogspot.com/2011/12/pleiades-flickr-and-ancient-world-image.html,http://horothesia.blogspot.com/posts/2011/12/pleiades-flickr-and-ancient-world-image.html
"tag:blogger.com,1999:blog-7099013253406999323.post-8244391940307268238","http://horothesia.blogspot.com/posts/blogger.com,1999:blog-7099013253406999323.post-8244391940307268238.html"
http://horothesia.blogspot.com/2011/11/updates-to-maia-and-electra-atlantis.html,http://horothesia.blogspot.com/posts/2011/11/updates-to-maia-and-electra-atlantis.html
http://horothesia.blogspot.com/2011/11/its-all-coming-together-at-pelagios.html,http://horothesia.blogspot.com/posts/2011/11/its-all-coming-together-at-pelagios.html
http://horothesia.blogspot.com/2011/11/closing-in-on-pleiades-hack-day-date.html,http://horothesia.blogspot.com/posts/2011/11/closing-in-on-pleiades-hack-day-date.html
http://horothesia.blogspot.com/2011/11/changes-to-maia-and-electra.html,http://horothesia.blogspot.com/posts/2011/11/changes-to-maia-and-electra.html
http://horothesia.blogspot.com/2011/10/pleiades-hack-day.html,http://horothesia.blogspot.com/posts/2011/10/pleiades-hack-day.html
http://horothesia.blogspot.com/2011/10/meetup-future-of-ancient-world-image.html,http://horothesia.blogspot.com/posts/2011/10/meetup-future-of-ancient-world-image.html
http://horothesia.blogspot.com/2011/10/unexpected-end-to-halloween-tradition.html,http://horothesia.blogspot.com/posts/2011/10/unexpected-end-to-halloween-tradition.html
http://horothesia.blogspot.com/2011/10/taygete-atlantis-dig-blogs-returns-to.html,http://horothesia.blogspot.com/posts/2011/10/taygete-atlantis-dig-blogs-returns-to.html
http://horothesia.blogspot.com/2011/10/recently-added-to-maia-atlantis.html,http://horothesia.blogspot.com/posts/2011/10/recently-added-to-maia-atlantis.html
http://horothesia.blogspot.com/2011/10/recently-added-to-electra-atlantis.html,http://horothesia.blogspot.com/posts/2011/10/recently-added-to-electra-atlantis.html
http://horothesia.blogspot.com/2011/10/maia-atlantis-returns-to-service-with.html,http://horothesia.blogspot.com/posts/2011/10/maia-atlantis-returns-to-service-with.html
http://horothesia.blogspot.com/2011/10/pleiades-google-hangout-this-wednesday.html,http://horothesia.blogspot.com/posts/2011/10/pleiades-google-hangout-this-wednesday.html
http://horothesia.blogspot.com/2011/10/electra-atlantis-is-back.html,http://horothesia.blogspot.com/posts/2011/10/electra-atlantis-is-back.html
http://horothesia.blogspot.com/2011/10/linked-open-data-short-version.html,http://horothesia.blogspot.com/posts/2011/10/linked-open-data-short-version.html
http://horothesia.blogspot.com/2011/10/planet-atlantides-feed-aggregators.html,http://horothesia.blogspot.com/posts/2011/10/planet-atlantides-feed-aggregators.html
http://horothesia.blogspot.com/2011/09/better-location-for-forum-gallorum.html,http://horothesia.blogspot.com/posts/2011/09/better-location-for-forum-gallorum.html
http://horothesia.blogspot.com/2011/09/neh-project-directors-meeting.html,http://horothesia.blogspot.com/posts/2011/09/neh-project-directors-meeting.html
http://horothesia.blogspot.com/2011/09/linked-open.html,http://horothesia.blogspot.com/posts/2011/09/linked-open.html
http://horothesia.blogspot.com/2011/09/describing-pleiades.html,http://horothesia.blogspot.com/posts/2011/09/describing-pleiades.html
http://horothesia.blogspot.com/2011/09/feeds-of-flickr-photos-depicting.html,http://horothesia.blogspot.com/posts/2011/09/feeds-of-flickr-photos-depicting.html
http://horothesia.blogspot.com/2011/05/post-tornado-helping-alabama-school.html,http://horothesia.blogspot.com/posts/2011/05/post-tornado-helping-alabama-school.html
http://horothesia.blogspot.com/2011/04/numishare-ethan-grubers-code-and-blog.html,http://horothesia.blogspot.com/posts/2011/04/numishare-ethan-grubers-code-and-blog.html
http://horothesia.blogspot.com/2011/04/warping-history-john-hesslers-blog.html,http://horothesia.blogspot.com/posts/2011/04/warping-history-john-hesslers-blog.html
http://horothesia.blogspot.com/2011/04/added-to-maia-atlantis-byzantine-news.html,http://horothesia.blogspot.com/posts/2011/04/added-to-maia-atlantis-byzantine-news.html
http://horothesia.blogspot.com/2011/04/changes-to-electra-and-maia-atlantis.html,http://horothesia.blogspot.com/posts/2011/04/changes-to-electra-and-maia-atlantis.html
http://horothesia.blogspot.com/2011/03/new-at-electra-wallrodts-paperless.html,http://horothesia.blogspot.com/posts/2011/03/new-at-electra-wallrodts-paperless.html
http://horothesia.blogspot.com/2011/02/zeugma-at-pleiades-and-isaw.html,http://horothesia.blogspot.com/posts/2011/02/zeugma-at-pleiades-and-isaw.html
http://horothesia.blogspot.com/2011/02/updates-to-atlantides-feed-aggregators.html,http://horothesia.blogspot.com/posts/2011/02/updates-to-atlantides-feed-aggregators.html
http://horothesia.blogspot.com/2011/01/adopt-place-for-valentines-day.html,http://horothesia.blogspot.com/posts/2011/01/adopt-place-for-valentines-day.html
http://horothesia.blogspot.com/2011/01/changes-to-maia-atlantis.html,http://horothesia.blogspot.com/posts/2011/01/changes-to-maia-atlantis.html
http://horothesia.blogspot.com/2010/12/changes-to-atlantides-feed-aggregators.html,http://horothesia.blogspot.com/posts/2010/12/changes-to-atlantides-feed-aggregators.html
http://horothesia.blogspot.com/2010/12/changes-to-electra-and-maia-atlantis.html,http://horothesia.blogspot.com/posts/2010/12/changes-to-electra-and-maia-atlantis.html
http://horothesia.blogspot.com/2010/12/flavia-faustina-version-3-chi-rho.html,http://horothesia.blogspot.com/posts/2010/12/flavia-faustina-version-3-chi-rho.html
http://horothesia.blogspot.com/2010/12/flavia-faustina-version-2-style.html,http://horothesia.blogspot.com/posts/2010/12/flavia-faustina-version-2-style.html
http://horothesia.blogspot.com/2010/11/mob-epigraphy-sepulchral-inscription-of.html,http://horothesia.blogspot.com/posts/2010/11/mob-epigraphy-sepulchral-inscription-of.html
http://horothesia.blogspot.com/2010/11/national-adoption-month.html,http://horothesia.blogspot.com/posts/2010/11/national-adoption-month.html
http://horothesia.blogspot.com/2010/11/changes-to-maia-atlantis.html,http://horothesia.blogspot.com/posts/2010/11/changes-to-maia-atlantis.html
http://horothesia.blogspot.com/2010/10/one-users-experience-with-pleiades.html,http://horothesia.blogspot.com/posts/2010/10/one-users-experience-with-pleiades.html
http://horothesia.blogspot.com/2010/10/updates-to-maia-atlantis.html,http://horothesia.blogspot.com/posts/2010/10/updates-to-maia-atlantis.html
http://horothesia.blogspot.com/2010/10/updates-to-electra-atlantis.html,http://horothesia.blogspot.com/posts/2010/10/updates-to-electra-atlantis.html
http://horothesia.blogspot.com/2010/10/new-blog-digital-papyrology.html,http://horothesia.blogspot.com/posts/2010/10/new-blog-digital-papyrology.html
http://horothesia.blogspot.com/2010/07/epidoc-tools-released-is.html,http://horothesia.blogspot.com/posts/2010/07/epidoc-tools-released-is.html
http://horothesia.blogspot.com/2010/07/im-very-interested-in-finding-ways.html,http://horothesia.blogspot.com/posts/2010/07/im-very-interested-in-finding-ways.html
http://horothesia.blogspot.com/2010/07/librarian-blog-phoebe-acheson-added-to.html,http://horothesia.blogspot.com/posts/2010/07/librarian-blog-phoebe-acheson-added-to.html
http://horothesia.blogspot.com/2010/07/new-pleiades-screencast-add-new-place.html,http://horothesia.blogspot.com/posts/2010/07/new-pleiades-screencast-add-new-place.html
http://horothesia.blogspot.com/2010/07/added-blogging-pompeii-to-maia-atlantis.html,http://horothesia.blogspot.com/posts/2010/07/added-blogging-pompeii-to-maia-atlantis.html
http://horothesia.blogspot.com/2010/07/news-blogs-added-to-maia-and-electra.html,http://horothesia.blogspot.com/posts/2010/07/news-blogs-added-to-maia-and-electra.html
http://horothesia.blogspot.com/2010/07/planet-taygete-update.html,http://horothesia.blogspot.com/posts/2010/07/planet-taygete-update.html
http://horothesia.blogspot.com/2010/07/featured-pleiades-content.html,http://horothesia.blogspot.com/posts/2010/07/featured-pleiades-content.html
http://horothesia.blogspot.com/2010/07/transliterating-greek-and-latin.html,http://horothesia.blogspot.com/posts/2010/07/transliterating-greek-and-latin.html
http://horothesia.blogspot.com/2010/06/new-blog-added-to-taygete-atlantis.html,http://horothesia.blogspot.com/posts/2010/06/new-blog-added-to-taygete-atlantis.html
http://horothesia.blogspot.com/2010/06/news-blogs-added-to-maia-atlantis.html,http://horothesia.blogspot.com/posts/2010/06/news-blogs-added-to-maia-atlantis.html
http://horothesia.blogspot.com/2010/06/isaw-has-news-blog.html,http://horothesia.blogspot.com/posts/2010/06/isaw-has-news-blog.html
http://horothesia.blogspot.com/2010/06/ramping-up-pleiades-2.html,http://horothesia.blogspot.com/posts/2010/06/ramping-up-pleiades-2.html
http://horothesia.blogspot.com/2010/06/new-blog-added-to-electra-atlantis.html,http://horothesia.blogspot.com/posts/2010/06/new-blog-added-to-electra-atlantis.html
http://horothesia.blogspot.com/2010/04/isaw-new-faculty-appointment-soren.html,http://horothesia.blogspot.com/posts/2010/04/isaw-new-faculty-appointment-soren.html
http://horothesia.blogspot.com/2010/04/new-blogs-added-to-planet-atlantides.html,http://horothesia.blogspot.com/posts/2010/04/new-blogs-added-to-planet-atlantides.html
http://horothesia.blogspot.com/2010/04/josh-greenberg-on-mellonuva-of-things.html,http://horothesia.blogspot.com/posts/2010/04/josh-greenberg-on-mellonuva-of-things.html
http://horothesia.blogspot.com/2010/03/neh-awards-grant-for-pleiades-project.html,http://horothesia.blogspot.com/posts/2010/03/neh-awards-grant-for-pleiades-project.html
http://horothesia.blogspot.com/2010/02/early-christianity-in-western-desert-of.html,http://horothesia.blogspot.com/posts/2010/02/early-christianity-in-western-desert-of.html
http://horothesia.blogspot.com/2010/02/flutes-wine-and-astronomy-shamans-in.html,http://horothesia.blogspot.com/posts/2010/02/flutes-wine-and-astronomy-shamans-in.html
http://horothesia.blogspot.com/2010/02/korea-and-silk-road.html,http://horothesia.blogspot.com/posts/2010/02/korea-and-silk-road.html
http://horothesia.blogspot.com/2010/02/lecture-deconstructing-myth-of-great.html,http://horothesia.blogspot.com/posts/2010/02/lecture-deconstructing-myth-of-great.html
http://horothesia.blogspot.com/2010/02/temple-treasury-records-and-local.html,http://horothesia.blogspot.com/posts/2010/02/temple-treasury-records-and-local.html
http://horothesia.blogspot.com/2010/01/new-concordia-term-needed-for-linking.html,http://horothesia.blogspot.com/posts/2010/01/new-concordia-term-needed-for-linking.html
http://horothesia.blogspot.com/2010/01/isaw-exhibitions-musical-performance.html,http://horothesia.blogspot.com/posts/2010/01/isaw-exhibitions-musical-performance.html
http://horothesia.blogspot.com/2010/01/isaw-lecture-late-copper-age-in-east.html,http://horothesia.blogspot.com/posts/2010/01/isaw-lecture-late-copper-age-in-east.html
http://horothesia.blogspot.com/2010/01/living-in-heights-hilltop-settlement.html,http://horothesia.blogspot.com/posts/2010/01/living-in-heights-hilltop-settlement.html
http://horothesia.blogspot.com/2009/12/interoperation-with-pleiades.html,http://horothesia.blogspot.com/posts/2009/12/interoperation-with-pleiades.html
http://horothesia.blogspot.com/2009/11/bringing-frontier-to-center-empires-and.html,http://horothesia.blogspot.com/posts/2009/11/bringing-frontier-to-center-empires-and.html
http://horothesia.blogspot.com/2009/11/bridging-institutional-repository-and.html,http://horothesia.blogspot.com/posts/2009/11/bridging-institutional-repository-and.html
http://horothesia.blogspot.com/2009/10/la-formation-et-la-definition-des.html,http://horothesia.blogspot.com/posts/2009/10/la-formation-et-la-definition-des.html
http://horothesia.blogspot.com/2009/10/horse-is-mans-wings-archaeological.html,http://horothesia.blogspot.com/posts/2009/10/horse-is-mans-wings-archaeological.html
http://horothesia.blogspot.com/2009/10/historian-in-future-of-ancient-world.html,http://horothesia.blogspot.com/posts/2009/10/historian-in-future-of-ancient-world.html
http://horothesia.blogspot.com/2009/10/david-klotz-temple-of-osiris-in-abydos.html,http://horothesia.blogspot.com/posts/2009/10/david-klotz-temple-of-osiris-in-abydos.html
http://horothesia.blogspot.com/2009/10/david-taylor-greek-speaking-eastern.html,http://horothesia.blogspot.com/posts/2009/10/david-taylor-greek-speaking-eastern.html
http://horothesia.blogspot.com/2009/09/isaw-job-systems-administrator-web.html,http://horothesia.blogspot.com/posts/2009/09/isaw-job-systems-administrator-web.html
http://horothesia.blogspot.com/2009/09/conference-this-weekend-sarcophagus.html,http://horothesia.blogspot.com/posts/2009/09/conference-this-weekend-sarcophagus.html
http://horothesia.blogspot.com/2009/09/isaw-now-accepting-applications-for.html,http://horothesia.blogspot.com/posts/2009/09/isaw-now-accepting-applications-for.html
http://horothesia.blogspot.com/2009/09/grad-student-conference-database.html,http://horothesia.blogspot.com/posts/2009/09/grad-student-conference-database.html
http://horothesia.blogspot.com/2009/09/isaw-exhibition-lost-world-of-old.html,http://horothesia.blogspot.com/posts/2009/09/isaw-exhibition-lost-world-of-old.html
http://horothesia.blogspot.com/2009/09/gregory-mumford-on-old-kingdom-collapse.html,http://horothesia.blogspot.com/posts/2009/09/gregory-mumford-on-old-kingdom-collapse.html
http://horothesia.blogspot.com/2009/07/neh-institute-for-enabling-geospatial.html,http://horothesia.blogspot.com/posts/2009/07/neh-institute-for-enabling-geospatial.html
http://horothesia.blogspot.com/2009/06/determining-batlas-ids-for-future.html,http://horothesia.blogspot.com/posts/2009/06/determining-batlas-ids-for-future.html
http://horothesia.blogspot.com/2009/06/bagnall-on-amheida-excavations-nyc-17.html,http://horothesia.blogspot.com/posts/2009/06/bagnall-on-amheida-excavations-nyc-17.html
http://horothesia.blogspot.com/2009/05/determinationes-past-and-present.html,http://horothesia.blogspot.com/posts/2009/05/determinationes-past-and-present.html
http://horothesia.blogspot.com/2009/04/unraveling-mysteries-of-ancient-angkors.html,http://horothesia.blogspot.com/posts/2009/04/unraveling-mysteries-of-ancient-angkors.html
http://horothesia.blogspot.com/2009/04/another-persian-crisis-persepolis.html,http://horothesia.blogspot.com/posts/2009/04/another-persian-crisis-persepolis.html
http://horothesia.blogspot.com/2009/04/publishing-archaeological-data-on-web.html,http://horothesia.blogspot.com/posts/2009/04/publishing-archaeological-data-on-web.html
http://horothesia.blogspot.com/2009/02/john-hessler-on-physical-and.html,http://horothesia.blogspot.com/posts/2009/02/john-hessler-on-physical-and.html
http://horothesia.blogspot.com/2009/01/there-is-more-than-one-timemap-in.html,http://horothesia.blogspot.com/posts/2009/01/there-is-more-than-one-timemap-in.html
http://horothesia.blogspot.com/2009/01/dm-book-ex.html,http://horothesia.blogspot.com/posts/2009/01/dm-book-ex.html
http://horothesia.blogspot.com/2009/01/concordia-graph.html,http://horothesia.blogspot.com/posts/2009/01/concordia-graph.html
http://horothesia.blogspot.com/2009/01/semantic-web-scholarly-resources-for.html,http://horothesia.blogspot.com/posts/2009/01/semantic-web-scholarly-resources-for.html
http://horothesia.blogspot.com/2009/01/from-web-watch-to-planet-atlantides.html,http://horothesia.blogspot.com/posts/2009/01/from-web-watch-to-planet-atlantides.html
http://horothesia.blogspot.com/2009/01/spatial-technologies-and-methods.html,http://horothesia.blogspot.com/posts/2009/01/spatial-technologies-and-methods.html
http://horothesia.blogspot.com/2009/01/smithsonian-20.html,http://horothesia.blogspot.com/posts/2009/01/smithsonian-20.html
http://horothesia.blogspot.com/2009/01/coffee-in-huntsville-sam-and-gregs.html,http://horothesia.blogspot.com/posts/2009/01/coffee-in-huntsville-sam-and-gregs.html
http://horothesia.blogspot.com/2009/01/when-free-on-hbo-inaugural-concert-isnt.html,http://horothesia.blogspot.com/posts/2009/01/when-free-on-hbo-inaugural-concert-isnt.html
http://horothesia.blogspot.com/2009/01/digital-projects-isaw-newsletter.html,http://horothesia.blogspot.com/posts/2009/01/digital-projects-isaw-newsletter.html
http://horothesia.blogspot.com/2009/01/isaw-newsletter-january-2008.html,http://horothesia.blogspot.com/posts/2009/01/isaw-newsletter-january-2008.html
http://horothesia.blogspot.com/2009/01/hotel-pools-suitable-for-lap-swim.html,http://horothesia.blogspot.com/posts/2009/01/hotel-pools-suitable-for-lap-swim.html
http://horothesia.blogspot.com/2009/01/truncated-knowledge.html,http://horothesia.blogspot.com/posts/2009/01/truncated-knowledge.html
http://horothesia.blogspot.com/2009/01/follow-up-digital-epigraphy-at-apaaia.html,http://horothesia.blogspot.com/posts/2009/01/follow-up-digital-epigraphy-at-apaaia.html
http://horothesia.blogspot.com/2009/01/center-of-digital-epigraphy-code.html,http://horothesia.blogspot.com/posts/2009/01/center-of-digital-epigraphy-code.html
http://horothesia.blogspot.com/2009/01/stearns-coffee-defunct.html,http://horothesia.blogspot.com/posts/2009/01/stearns-coffee-defunct.html
http://horothesia.blogspot.com/2009/01/relax-o-matic.html,http://horothesia.blogspot.com/posts/2009/01/relax-o-matic.html
http://horothesia.blogspot.com/2009/01/paul-zimansky-on-mashkan-shapir-in.html,http://horothesia.blogspot.com/posts/2009/01/paul-zimansky-on-mashkan-shapir-in.html
http://horothesia.blogspot.com/2009/01/study-and-publication-of-inscriptions.html,http://horothesia.blogspot.com/posts/2009/01/study-and-publication-of-inscriptions.html
http://horothesia.blogspot.com/2008/12/new-isaw-faculty-beate-pongratz-leisten.html,http://horothesia.blogspot.com/posts/2008/12/new-isaw-faculty-beate-pongratz-leisten.html
http://horothesia.blogspot.com/2008/12/end-of-era.html,http://horothesia.blogspot.com/posts/2008/12/end-of-era.html
http://horothesia.blogspot.com/2008/12/digital-resources-on-edge.html,http://horothesia.blogspot.com/posts/2008/12/digital-resources-on-edge.html
http://horothesia.blogspot.com/2008/11/nearest-book.html,http://horothesia.blogspot.com/posts/2008/11/nearest-book.html
http://horothesia.blogspot.com/2008/11/adoption-fostering-abortion-and.html,http://horothesia.blogspot.com/posts/2008/11/adoption-fostering-abortion-and.html
http://horothesia.blogspot.com/2008/11/batlas-grids-in-kml-some-of-them.html,http://horothesia.blogspot.com/posts/2008/11/batlas-grids-in-kml-some-of-them.html
http://horothesia.blogspot.com/2008/11/synergy-thatcamp-2009-dh2009.html,http://horothesia.blogspot.com/posts/2008/11/synergy-thatcamp-2009-dh2009.html
http://horothesia.blogspot.com/2008/11/william-adams-nubias-other-civilization.html,http://horothesia.blogspot.com/posts/2008/11/william-adams-nubias-other-civilization.html
http://horothesia.blogspot.com/2008/11/mario-liverani-history-of-sahara-in.html,http://horothesia.blogspot.com/posts/2008/11/mario-liverani-history-of-sahara-in.html
http://horothesia.blogspot.com/2008/11/sabine-huebner-household-and-family-in.html,http://horothesia.blogspot.com/posts/2008/11/sabine-huebner-household-and-family-in.html
http://horothesia.blogspot.com/2008/11/beate-pongratz-leisten-astralization-of.html,http://horothesia.blogspot.com/posts/2008/11/beate-pongratz-leisten-astralization-of.html
http://horothesia.blogspot.com/2008/11/anne-porter-of-bricks-and-bodies.html,http://horothesia.blogspot.com/posts/2008/11/anne-porter-of-bricks-and-bodies.html
http://horothesia.blogspot.com/2008/11/daniel-potts-east-of-ur-and-west-of.html,http://horothesia.blogspot.com/posts/2008/11/daniel-potts-east-of-ur-and-west-of.html
http://horothesia.blogspot.com/2008/11/cnrs-nyu-inaugural-workshop-on-early.html,http://horothesia.blogspot.com/posts/2008/11/cnrs-nyu-inaugural-workshop-on-early.html
http://horothesia.blogspot.com/2008/10/digital-archimedes-palimpsest.html,http://horothesia.blogspot.com/posts/2008/10/digital-archimedes-palimpsest.html
http://horothesia.blogspot.com/2008/10/near-eastern-prosopography-and.html,http://horothesia.blogspot.com/posts/2008/10/near-eastern-prosopography-and.html
http://horothesia.blogspot.com/2008/10/dh-stacks.html,http://horothesia.blogspot.com/posts/2008/10/dh-stacks.html
http://horothesia.blogspot.com/2008/09/american-school-corinth-volumes-on.html,http://horothesia.blogspot.com/posts/2008/09/american-school-corinth-volumes-on.html
http://horothesia.blogspot.com/2008/09/happy-birthday-chiron.html,http://horothesia.blogspot.com/posts/2008/09/happy-birthday-chiron.html
http://horothesia.blogspot.com/2008/09/tom-tartaron-on-mycenean-coastal-worlds.html,http://horothesia.blogspot.com/posts/2008/09/tom-tartaron-on-mycenean-coastal-worlds.html
http://horothesia.blogspot.com/2008/09/more-on-zotero-lawsuit.html,http://horothesia.blogspot.com/posts/2008/09/more-on-zotero-lawsuit.html
http://horothesia.blogspot.com/2008/09/reuters-endnote-sues-george-mason-over.html,http://horothesia.blogspot.com/posts/2008/09/reuters-endnote-sues-george-mason-over.html
http://horothesia.blogspot.com/2008/09/why-email-newsletter-but-not-post-it.html,http://horothesia.blogspot.com/posts/2008/09/why-email-newsletter-but-not-post-it.html
http://horothesia.blogspot.com/2008/09/database-normalization-and-historian.html,http://horothesia.blogspot.com/posts/2008/09/database-normalization-and-historian.html
http://horothesia.blogspot.com/2008/09/moontown-fly-in-2008-20-21-september.html,http://horothesia.blogspot.com/posts/2008/09/moontown-fly-in-2008-20-21-september.html
http://horothesia.blogspot.com/2008/09/first-thousand-years-of-greek-utilities.html,http://horothesia.blogspot.com/posts/2008/09/first-thousand-years-of-greek-utilities.html
http://horothesia.blogspot.com/2008/09/wine-treasure-and-mayan-archaeology-in.html,http://horothesia.blogspot.com/posts/2008/09/wine-treasure-and-mayan-archaeology-in.html
http://horothesia.blogspot.com/2008/09/sarah-parcak-on-egypt-in-huntsville.html,http://horothesia.blogspot.com/posts/2008/09/sarah-parcak-on-egypt-in-huntsville.html
http://horothesia.blogspot.com/2008/09/new-low-in-exploitation-of-adjunct.html,http://horothesia.blogspot.com/posts/2008/09/new-low-in-exploitation-of-adjunct.html
http://horothesia.blogspot.com/2008/09/pinakes-greek-texts-and-manuscripts.html,http://horothesia.blogspot.com/posts/2008/09/pinakes-greek-texts-and-manuscripts.html
http://horothesia.blogspot.com/2008/09/copyright-and-artifacts.html,http://horothesia.blogspot.com/posts/2008/09/copyright-and-artifacts.html
http://horothesia.blogspot.com/2008/09/osgood-on-linderskis-roman-questions-2.html,http://horothesia.blogspot.com/posts/2008/09/osgood-on-linderskis-roman-questions-2.html
http://horothesia.blogspot.com/2008/09/batlas-ids-first-full-release-all-maps.html,http://horothesia.blogspot.com/posts/2008/09/batlas-ids-first-full-release-all-maps.html
http://horothesia.blogspot.com/2008/09/batlas-id-update-maps-1-6-and-65.html,http://horothesia.blogspot.com/posts/2008/09/batlas-id-update-maps-1-6-and-65.html
http://horothesia.blogspot.com/2008/09/what-would-tssci-jesus-do.html,http://horothesia.blogspot.com/posts/2008/09/what-would-tssci-jesus-do.html
http://horothesia.blogspot.com/2008/08/public-transit-in-huntsville.html,http://horothesia.blogspot.com/posts/2008/08/public-transit-in-huntsville.html
http://horothesia.blogspot.com/2008/08/get-paid-to-read-greek.html,http://horothesia.blogspot.com/posts/2008/08/get-paid-to-read-greek.html
http://horothesia.blogspot.com/2008/08/barrington-atlas-id-update-maps-89-99.html,http://horothesia.blogspot.com/posts/2008/08/barrington-atlas-id-update-maps-89-99.html
http://horothesia.blogspot.com/2008/08/all-2183-of-you.html,http://horothesia.blogspot.com/posts/2008/08/all-2183-of-you.html
http://horothesia.blogspot.com/2008/08/aia-news-feed.html,http://horothesia.blogspot.com/posts/2008/08/aia-news-feed.html
http://horothesia.blogspot.com/2008/08/first-thousand-years-of-greek.html,http://horothesia.blogspot.com/posts/2008/08/first-thousand-years-of-greek.html
http://horothesia.blogspot.com/2008/08/canadian-epigraphic-mission-of-xanthos.html,http://horothesia.blogspot.com/posts/2008/08/canadian-epigraphic-mission-of-xanthos.html
http://horothesia.blogspot.com/2008/08/ann-roth-on-egypt-in-huntsville-monday.html,http://horothesia.blogspot.com/posts/2008/08/ann-roth-on-egypt-in-huntsville-monday.html
http://horothesia.blogspot.com/2008/08/batlas-id-update-maps-28-34-67-71-81-83.html,http://horothesia.blogspot.com/posts/2008/08/batlas-id-update-maps-28-34-67-71-81-83.html
http://horothesia.blogspot.com/2008/08/natual-language-toolkit-nltk.html,http://horothesia.blogspot.com/posts/2008/08/natual-language-toolkit-nltk.html
http://horothesia.blogspot.com/2008/08/batlas-id-update-maps-7-9-26-27.html,http://horothesia.blogspot.com/posts/2008/08/batlas-id-update-maps-7-9-26-27.html
http://horothesia.blogspot.com/2008/08/maia-adjustments.html,http://horothesia.blogspot.com/posts/2008/08/maia-adjustments.html
http://horothesia.blogspot.com/2008/08/batlas-id-update-maps-19-41-48.html,http://horothesia.blogspot.com/posts/2008/08/batlas-id-update-maps-19-41-48.html
http://horothesia.blogspot.com/2008/08/atlantides-lists-comments-out-bmcr-in.html,http://horothesia.blogspot.com/posts/2008/08/atlantides-lists-comments-out-bmcr-in.html
http://horothesia.blogspot.com/2008/08/batlas-id-update-maps-14-18-24-25-39-40.html,http://horothesia.blogspot.com/posts/2008/08/batlas-id-update-maps-14-18-24-25-39-40.html
http://horothesia.blogspot.com/2008/08/model-beijing.html,http://horothesia.blogspot.com/posts/2008/08/model-beijing.html
http://horothesia.blogspot.com/2008/08/bamboo-rising-are-databases-new-ground.html,http://horothesia.blogspot.com/posts/2008/08/bamboo-rising-are-databases-new-ground.html
http://horothesia.blogspot.com/2008/08/nyu-programming-job-papyrological.html,http://horothesia.blogspot.com/posts/2008/08/nyu-programming-job-papyrological.html
http://horothesia.blogspot.com/2008/08/batlas-ids-maps-10-13-20-21-49.html,http://horothesia.blogspot.com/posts/2008/08/batlas-ids-maps-10-13-20-21-49.html
http://horothesia.blogspot.com/2008/08/pondering-change-to-atlantides.html,http://horothesia.blogspot.com/posts/2008/08/pondering-change-to-atlantides.html
http://horothesia.blogspot.com/2008/08/batlas-id-update-maps-84-85-87-87-inset.html,http://horothesia.blogspot.com/posts/2008/08/batlas-id-update-maps-84-85-87-87-inset.html
http://horothesia.blogspot.com/2008/08/bmcr-and-safe-events-feeds-pulled-from.html,http://horothesia.blogspot.com/posts/2008/08/bmcr-and-safe-events-feeds-pulled-from.html
http://horothesia.blogspot.com/2008/08/hidden-web-dont-love-it-leave-it.html,http://horothesia.blogspot.com/posts/2008/08/hidden-web-dont-love-it-leave-it.html
http://horothesia.blogspot.com/2008/08/can-you-believe-it.html,http://horothesia.blogspot.com/posts/2008/08/can-you-believe-it.html
http://horothesia.blogspot.com/2008/07/outfox-shoutout.html,http://horothesia.blogspot.com/posts/2008/07/outfox-shoutout.html
http://horothesia.blogspot.com/2008/07/batlas-ids-4-more-sets-in-asia-minor.html,http://horothesia.blogspot.com/posts/2008/07/batlas-ids-4-more-sets-in-asia-minor.html
http://horothesia.blogspot.com/2008/07/feed-me-seymour.html,http://horothesia.blogspot.com/posts/2008/07/feed-me-seymour.html
http://horothesia.blogspot.com/2008/07/batlas-ids-10-more-maps.html,http://horothesia.blogspot.com/posts/2008/07/batlas-ids-10-more-maps.html
http://horothesia.blogspot.com/2008/07/fall-institute-in-digital-libraries-and.html,http://horothesia.blogspot.com/posts/2008/07/fall-institute-in-digital-libraries-and.html
http://horothesia.blogspot.com/2008/07/prayer-answered-bmcr-gets-feed.html,http://horothesia.blogspot.com/posts/2008/07/prayer-answered-bmcr-gets-feed.html
http://horothesia.blogspot.com/2008/07/kostis-kourelis-on-gis-and-greek.html,http://horothesia.blogspot.com/posts/2008/07/kostis-kourelis-on-gis-and-greek.html
http://horothesia.blogspot.com/2008/07/batlas-ids-update-ids-for-9-more-maps.html,http://horothesia.blogspot.com/posts/2008/07/batlas-ids-update-ids-for-9-more-maps.html
http://horothesia.blogspot.com/2008/07/cfp-space-and-place-in-roman-world.html,http://horothesia.blogspot.com/posts/2008/07/cfp-space-and-place-in-roman-world.html
http://horothesia.blogspot.com/2008/07/new-aggregator-ancient-inscriptions.html,http://horothesia.blogspot.com/posts/2008/07/new-aggregator-ancient-inscriptions.html
http://horothesia.blogspot.com/2008/07/batlas-id-update-add-map-55-more-fixes.html,http://horothesia.blogspot.com/posts/2008/07/batlas-id-update-add-map-55-more-fixes.html
http://horothesia.blogspot.com/2008/07/open-antiquist.html,http://horothesia.blogspot.com/posts/2008/07/open-antiquist.html
http://horothesia.blogspot.com/2008/07/batlas-id-update-add-map-37-various.html,http://horothesia.blogspot.com/posts/2008/07/batlas-id-update-add-map-37-various.html
http://horothesia.blogspot.com/2008/07/batlas-id-update-add-map-73-revise.html,http://horothesia.blogspot.com/posts/2008/07/batlas-id-update-add-map-73-revise.html
http://horothesia.blogspot.com/2008/07/barrington-atlas-ids.html,http://horothesia.blogspot.com/posts/2008/07/barrington-atlas-ids.html
http://horothesia.blogspot.com/2008/07/epidoc-in-bologna.html,http://horothesia.blogspot.com/posts/2008/07/epidoc-in-bologna.html
http://horothesia.blogspot.com/2008/05/open-library-api-bibo-ontology-and.html,http://horothesia.blogspot.com/posts/2008/05/open-library-api-bibo-ontology-and.html
http://horothesia.blogspot.com/2008/05/uptime.html,http://horothesia.blogspot.com/posts/2008/05/uptime.html
http://horothesia.blogspot.com/2008/05/downtime.html,http://horothesia.blogspot.com/posts/2008/05/downtime.html
http://horothesia.blogspot.com/2008/05/sharing-road.html,http://horothesia.blogspot.com/posts/2008/05/sharing-road.html
http://horothesia.blogspot.com/2008/04/la-construccin-de-una-identidad.html,http://horothesia.blogspot.com/posts/2008/04/la-construccin-de-una-identidad.html
http://horothesia.blogspot.com/2008/04/new-planets-concordia-and-pleiades.html,http://horothesia.blogspot.com/posts/2008/04/new-planets-concordia-and-pleiades.html
http://horothesia.blogspot.com/2008/04/more-traffic.html,http://horothesia.blogspot.com/posts/2008/04/more-traffic.html
http://horothesia.blogspot.com/2008/04/which-archaeo-data-animal-are-you.html,http://horothesia.blogspot.com/posts/2008/04/which-archaeo-data-animal-are-you.html
http://horothesia.blogspot.com/2008/04/glossary-functionality.html,http://horothesia.blogspot.com/posts/2008/04/glossary-functionality.html
http://horothesia.blogspot.com/2008/04/concordia-licensing-and-openness.html,http://horothesia.blogspot.com/posts/2008/04/concordia-licensing-and-openness.html
http://horothesia.blogspot.com/2008/04/vulgar-geography.html,http://horothesia.blogspot.com/posts/2008/04/vulgar-geography.html
http://horothesia.blogspot.com/2008/04/tastes-like-mushrooms.html,http://horothesia.blogspot.com/posts/2008/04/tastes-like-mushrooms.html
http://horothesia.blogspot.com/2008/03/comment-feed-recycle.html,http://horothesia.blogspot.com/posts/2008/03/comment-feed-recycle.html
http://horothesia.blogspot.com/2008/03/subaudible-to-me-maya-archaeologyorg.html,http://horothesia.blogspot.com/posts/2008/03/subaudible-to-me-maya-archaeologyorg.html
http://horothesia.blogspot.com/2008/03/subaudible-to-me-apis-news-and-updates.html,http://horothesia.blogspot.com/posts/2008/03/subaudible-to-me-apis-news-and-updates.html
http://horothesia.blogspot.com/2008/03/concordia-grant-award.html,http://horothesia.blogspot.com/posts/2008/03/concordia-grant-award.html
http://horothesia.blogspot.com/2008/03/subaudible-to-me-digital-medievalist.html,http://horothesia.blogspot.com/posts/2008/03/subaudible-to-me-digital-medievalist.html
http://horothesia.blogspot.com/2008/03/connections-ross-scaife.html,http://horothesia.blogspot.com/posts/2008/03/connections-ross-scaife.html
http://horothesia.blogspot.com/2008/03/disabling-keystroke-activation-of.html,http://horothesia.blogspot.com/posts/2008/03/disabling-keystroke-activation-of.html
http://horothesia.blogspot.com/2008/03/whats-in-your-feed-reader-13-march-2008.html,http://horothesia.blogspot.com/posts/2008/03/whats-in-your-feed-reader-13-march-2008.html
http://horothesia.blogspot.com/2008/03/behold-power-of-ore.html,http://horothesia.blogspot.com/posts/2008/03/behold-power-of-ore.html
http://horothesia.blogspot.com/2008/03/watching-omeka.html,http://horothesia.blogspot.com/posts/2008/03/watching-omeka.html
http://horothesia.blogspot.com/2008/03/journalsclassics-l-digital-vs-print-and.html,http://horothesia.blogspot.com/posts/2008/03/journalsclassics-l-digital-vs-print-and.html
http://horothesia.blogspot.com/2008/02/clean-urls-sebastian-heath-and-feed.html,http://horothesia.blogspot.com/posts/2008/02/clean-urls-sebastian-heath-and-feed.html
http://horothesia.blogspot.com/2008/02/atomgeorss-for-interoperability.html,http://horothesia.blogspot.com/posts/2008/02/atomgeorss-for-interoperability.html
http://horothesia.blogspot.com/2008/02/what-do-urls-mean-tei-corg.html,http://horothesia.blogspot.com/posts/2008/02/what-do-urls-mean-tei-corg.html
http://horothesia.blogspot.com/2008/02/using-ogr-python-bindings-for-study-of.html,http://horothesia.blogspot.com/posts/2008/02/using-ogr-python-bindings-for-study-of.html
http://horothesia.blogspot.com/2008/02/walled-feed-current-archaeology.html,http://horothesia.blogspot.com/posts/2008/02/walled-feed-current-archaeology.html
http://horothesia.blogspot.com/2008/02/planet-osgeo-kaput.html,http://horothesia.blogspot.com/posts/2008/02/planet-osgeo-kaput.html
http://horothesia.blogspot.com/2008/02/thraces-and-moesi-update.html,http://horothesia.blogspot.com/posts/2008/02/thraces-and-moesi-update.html
http://horothesia.blogspot.com/2008/02/linking-to-records-in-edh.html,http://horothesia.blogspot.com/posts/2008/02/linking-to-records-in-edh.html
http://horothesia.blogspot.com/2008/02/atlantis-suppression-policy.html,http://horothesia.blogspot.com/posts/2008/02/atlantis-suppression-policy.html
http://horothesia.blogspot.com/2008/02/demarcation-between-thraces-and-moesi.html,http://horothesia.blogspot.com/posts/2008/02/demarcation-between-thraces-and-moesi.html
http://horothesia.blogspot.com/2008/02/epidoc-meets-dissertation-epigraphic.html,http://horothesia.blogspot.com/posts/2008/02/epidoc-meets-dissertation-epigraphic.html
http://horothesia.blogspot.com/2008/02/update-on-roman-ports-in-libia-images.html,http://horothesia.blogspot.com/posts/2008/02/update-on-roman-ports-in-libia-images.html
http://horothesia.blogspot.com/2008/02/transcripts-using-new-technologies-to.html,http://horothesia.blogspot.com/posts/2008/02/transcripts-using-new-technologies-to.html
http://horothesia.blogspot.com/2008/02/roman-port-discoveries-in-libya.html,http://horothesia.blogspot.com/posts/2008/02/roman-port-discoveries-in-libya.html
http://horothesia.blogspot.com/2008/02/cfp-digital-approaches-to-cartographic.html,http://horothesia.blogspot.com/posts/2008/02/cfp-digital-approaches-to-cartographic.html
http://horothesia.blogspot.com/2008/02/digital-geography-in-web-20-world.html,http://horothesia.blogspot.com/posts/2008/02/digital-geography-in-web-20-world.html
http://horothesia.blogspot.com/2008/02/hgis-2008-submission-deadline-extended.html,http://horothesia.blogspot.com/posts/2008/02/hgis-2008-submission-deadline-extended.html
http://horothesia.blogspot.com/2008/02/seeing-green-for-green.html,http://horothesia.blogspot.com/posts/2008/02/seeing-green-for-green.html
http://horothesia.blogspot.com/2008/02/was-bedeutet-das-green.html,http://horothesia.blogspot.com/posts/2008/02/was-bedeutet-das-green.html
http://horothesia.blogspot.com/2008/02/planet-atlantides-feed-aggregators-for.html,http://horothesia.blogspot.com/posts/2008/02/planet-atlantides-feed-aggregators-for.html
http://horothesia.blogspot.com/2008/02/escape-from-pgeo-part-deux.html,http://horothesia.blogspot.com/posts/2008/02/escape-from-pgeo-part-deux.html
http://horothesia.blogspot.com/2008/02/right-to-left-in-blogger.html,http://horothesia.blogspot.com/posts/2008/02/right-to-left-in-blogger.html
http://horothesia.blogspot.com/2008/02/short-notice-cfp-contributory-gis-for.html,http://horothesia.blogspot.com/posts/2008/02/short-notice-cfp-contributory-gis-for.html
http://horothesia.blogspot.com/2008/01/growing-pains-at-bp3.html,http://horothesia.blogspot.com/posts/2008/01/growing-pains-at-bp3.html
http://horothesia.blogspot.com/2008/01/escape-from-pgeo.html,http://horothesia.blogspot.com/posts/2008/01/escape-from-pgeo.html
http://horothesia.blogspot.com/2008/01/nssdc-id-1958-001a.html,http://horothesia.blogspot.com/posts/2008/01/nssdc-id-1958-001a.html
http://horothesia.blogspot.com/2008/01/podcasts-at-last.html,http://horothesia.blogspot.com/posts/2008/01/podcasts-at-last.html
http://horothesia.blogspot.com/2008/01/new-colleague-chuck-jones.html,http://horothesia.blogspot.com/posts/2008/01/new-colleague-chuck-jones.html
http://horothesia.blogspot.com/2008/01/is-uk-government-out-to-get-me.html,http://horothesia.blogspot.com/posts/2008/01/is-uk-government-out-to-get-me.html
http://horothesia.blogspot.com/2008/01/traveling-with-demetrios-of-skepsis.html,http://horothesia.blogspot.com/posts/2008/01/traveling-with-demetrios-of-skepsis.html
http://horothesia.blogspot.com/2008/01/ancient-gazetteergeodata-builders-unite.html,http://horothesia.blogspot.com/posts/2008/01/ancient-gazetteergeodata-builders-unite.html
http://horothesia.blogspot.com/2008/01/shapely-python-package-for-programming.html,http://horothesia.blogspot.com/posts/2008/01/shapely-python-package-for-programming.html
http://horothesia.blogspot.com/2008/01/john-matthews-theophanes-wins-breasted.html,http://horothesia.blogspot.com/posts/2008/01/john-matthews-theophanes-wins-breasted.html
http://horothesia.blogspot.com/2008/01/blunt-instrument-trauma-or-why-you.html,http://horothesia.blogspot.com/posts/2008/01/blunt-instrument-trauma-or-why-you.html
http://horothesia.blogspot.com/2008/01/techno-travels-22-24-may-2008.html,http://horothesia.blogspot.com/posts/2008/01/techno-travels-22-24-may-2008.html
http://horothesia.blogspot.com/2008/01/take-digital-humanities-tool-developers.html,http://horothesia.blogspot.com/posts/2008/01/take-digital-humanities-tool-developers.html
http://horothesia.blogspot.com/2008/01/latest-pleiades-talk.html,http://horothesia.blogspot.com/posts/2008/01/latest-pleiades-talk.html
http://horothesia.blogspot.com/2008/01/cfp-uncertainty-and-inference-in.html,http://horothesia.blogspot.com/posts/2008/01/cfp-uncertainty-and-inference-in.html
http://horothesia.blogspot.com/2008/01/semantic-web-in-archaeology.html,http://horothesia.blogspot.com/posts/2008/01/semantic-web-in-archaeology.html
http://horothesia.blogspot.com/2008/01/neel-smith-vitruvian-design-for.html,http://horothesia.blogspot.com/posts/2008/01/neel-smith-vitruvian-design-for.html
http://horothesia.blogspot.com/2008/01/insitutional-repositories-tout-de-suite.html,http://horothesia.blogspot.com/posts/2008/01/insitutional-repositories-tout-de-suite.html
http://horothesia.blogspot.com/2008/01/workshop-gis-web-based-mapping-3d.html,http://horothesia.blogspot.com/posts/2008/01/workshop-gis-web-based-mapping-3d.html
http://horothesia.blogspot.com/2008/01/code-center-of-digital-epigraphy.html,http://horothesia.blogspot.com/posts/2008/01/code-center-of-digital-epigraphy.html
http://horothesia.blogspot.com/2008/01/volunteered-geographic-information.html,http://horothesia.blogspot.com/posts/2008/01/volunteered-geographic-information.html
http://horothesia.blogspot.com/2008/01/ijgis-special-issue-on-digital.html,http://horothesia.blogspot.com/posts/2008/01/ijgis-special-issue-on-digital.html
http://horothesia.blogspot.com/2008/01/new-job.html,http://horothesia.blogspot.com/posts/2008/01/new-job.html
http://horothesia.blogspot.com/2008/01/blogging-classics-and-tech-at-apaaia.html,http://horothesia.blogspot.com/posts/2008/01/blogging-classics-and-tech-at-apaaia.html
http://horothesia.blogspot.com/2008/01/blogging-epigraphy-at-apaaia.html,http://horothesia.blogspot.com/posts/2008/01/blogging-epigraphy-at-apaaia.html
http://horothesia.blogspot.com/2007/12/historical-gis-2008-at-essex.html,http://horothesia.blogspot.com/posts/2007/12/historical-gis-2008-at-essex.html
http://horothesia.blogspot.com/2007/12/cool-uris.html,http://horothesia.blogspot.com/posts/2007/12/cool-uris.html
http://horothesia.blogspot.com/2007/12/urls-and-stability.html,http://horothesia.blogspot.com/posts/2007/12/urls-and-stability.html
http://horothesia.blogspot.com/2007/12/oog.html,http://horothesia.blogspot.com/posts/2007/12/oog.html
http://horothesia.blogspot.com/2007/12/metapostmetablog-ancient-world-bloggers.html,http://horothesia.blogspot.com/posts/2007/12/metapostmetablog-ancient-world-bloggers.html
http://horothesia.blogspot.com/2007/11/open-knowledge-foundation-notes.html,http://horothesia.blogspot.com/posts/2007/11/open-knowledge-foundation-notes.html
http://horothesia.blogspot.com/2007/11/we-built-it-and-coin-people-came.html,http://horothesia.blogspot.com/posts/2007/11/we-built-it-and-coin-people-came.html
http://horothesia.blogspot.com/2007/11/epigraphy-unveiled.html,http://horothesia.blogspot.com/posts/2007/11/epigraphy-unveiled.html
http://horothesia.blogspot.com/2007/11/tei-p5-hits-streets-whats-epidoc-doing.html,http://horothesia.blogspot.com/posts/2007/11/tei-p5-hits-streets-whats-epidoc-doing.html
http://horothesia.blogspot.com/2007/11/methodological-approaches-to-historical.html,http://horothesia.blogspot.com/posts/2007/11/methodological-approaches-to-historical.html
http://horothesia.blogspot.com/2007/11/mark-twain-project.html,http://horothesia.blogspot.com/posts/2007/11/mark-twain-project.html
http://horothesia.blogspot.com/2007/10/least-interesting-thing.html,http://horothesia.blogspot.com/posts/2007/10/least-interesting-thing.html
http://horothesia.blogspot.com/2007/10/citations-links.html,http://horothesia.blogspot.com/posts/2007/10/citations-links.html
http://horothesia.blogspot.com/2007/10/plone-r-tree-spatial-index.html,http://horothesia.blogspot.com/posts/2007/10/plone-r-tree-spatial-index.html
http://horothesia.blogspot.com/2007/10/atompub-rubber-meets-road.html,http://horothesia.blogspot.com/posts/2007/10/atompub-rubber-meets-road.html
http://horothesia.blogspot.com/2007/10/publication-and-study-of-inscriptions.html,http://horothesia.blogspot.com/posts/2007/10/publication-and-study-of-inscriptions.html
http://horothesia.blogspot.com/2007/10/graduate-conference-in-ancient.html,http://horothesia.blogspot.com/posts/2007/10/graduate-conference-in-ancient.html
http://horothesia.blogspot.com/2007/10/digital-humanities-and-computer-science.html,http://horothesia.blogspot.com/posts/2007/10/digital-humanities-and-computer-science.html
http://horothesia.blogspot.com/2007/10/social-war-anyone.html,http://horothesia.blogspot.com/posts/2007/10/social-war-anyone.html
http://horothesia.blogspot.com/2007/10/kodos-python-regular-expression.html,http://horothesia.blogspot.com/posts/2007/10/kodos-python-regular-expression.html
http://horothesia.blogspot.com/2007/10/pleiades-data-status.html,http://horothesia.blogspot.com/posts/2007/10/pleiades-data-status.html
http://horothesia.blogspot.com/2007/10/pleiades-and-other-projects-atom-georss.html,http://horothesia.blogspot.com/posts/2007/10/pleiades-and-other-projects-atom-georss.html
http://horothesia.blogspot.com/2007/10/precario-usi-sunt.html,http://horothesia.blogspot.com/posts/2007/10/precario-usi-sunt.html
http://horothesia.blogspot.com/2007/10/using-new-technologies-to-explore.html,http://horothesia.blogspot.com/posts/2007/10/using-new-technologies-to-explore.html
http://horothesia.blogspot.com/2007/10/trailing-slashes-in-pleiades.html,http://horothesia.blogspot.com/posts/2007/10/trailing-slashes-in-pleiades.html
http://horothesia.blogspot.com/2007/10/comments-policy.html,http://horothesia.blogspot.com/posts/2007/10/comments-policy.html
http://horothesia.blogspot.com/2007/10/urls-for-pleiades.html,http://horothesia.blogspot.com/posts/2007/10/urls-for-pleiades.html
http://horothesia.blogspot.com/2007/10/recipe-for-riot.html,http://horothesia.blogspot.com/posts/2007/10/recipe-for-riot.html
http://horothesia.blogspot.com/2007/10/mediterranean-ceramics.html,http://horothesia.blogspot.com/posts/2007/10/mediterranean-ceramics.html
http://horothesia.blogspot.com/2007/10/definehorothesia.html,http://horothesia.blogspot.com/posts/2007/10/definehorothesia.html
http://horothesia.blogspot.com/2007/09/volunteered-geographic-information.html,http://horothesia.blogspot.com/posts/2007/09/volunteered-geographic-information.html
http://horothesia.blogspot.com/2007/09/duck-and-cover.html,http://horothesia.blogspot.com/posts/2007/09/duck-and-cover.html
http://horothesia.blogspot.com/2007/09/bibliographic-proximity.html,http://horothesia.blogspot.com/posts/2007/09/bibliographic-proximity.html
http://horothesia.blogspot.com/2007/09/mine-its-all-mine.html,http://horothesia.blogspot.com/posts/2007/09/mine-its-all-mine.html
http://horothesia.blogspot.com/2007/09/evolve-librum-manualem-futue.html,http://horothesia.blogspot.com/posts/2007/09/evolve-librum-manualem-futue.html
http://horothesia.blogspot.com/2007/09/feeds-for-pleiades-data.html,http://horothesia.blogspot.com/posts/2007/09/feeds-for-pleiades-data.html
